pbm,-,probabilistic_interleaving,

bin,whole_list,
0,0.545047619048,0.658714285714,0.411333333333,0.508,0.382666666667,0.824619047619,0.518047619048,0.509619047619,0.616333333333,0.68280952381,0.603761904762,0.50319047619,0.406619047619,0.483904761905,0.487666666667,0.329619047619,0.374142857143,0.291666666667,0.642714285714,0.287047619048,0.347476190476,0.714142857143,0.462380952381,0.554333333333,0.42819047619,0.390571428571,0.41080952381,0.454285714286,0.607333333333,0.0638095238095,0.462428571429,0.382857142857,0.328904761905,0.609047619048,0.469333333333,0.721619047619,0.43480952381,0.645904761905,0.459952380952,0.644047619048,0.182,0.417428571429,0.469714285714,0.268904761905,0.381380952381,0.299428571429,0.269142857143,0.29,0.371476190476,0.27180952381,0.288523809524,0.286666666667,0.688142857143,0.289,0.325714285714,0.602571428571,0.603476190476,0.684142857143,0.439380952381,0.11380952381,0.150285714286,0.44719047619,0.457285714286,0.598571428571,0.462,0.322285714286,0.210952380952,0.515333333333,0.46319047619,0.518,0.377666666667,0.578571428571,0.654380952381,0.556952380952,0.400285714286,0.627714285714,0.383380952381,0.203857142857,0.519476190476,0.296047619048,0.341142857143,0.477714285714,0.0630476190476,0.487904761905,0.289619047619,0.346285714286,0.441047619048,0.312,0.314333333333,0.620476190476,0.446666666667,0.426523809524,0.519571428571,0.42719047619,0.0596666666667,0.289380952381,0.471904761905,0.483619047619,0.357619047619,0.461857142857,0.410476190476,0.647761904762,0.485380952381,0.459095238095,0.518142857143,0.239476190476,0.279666666667,0.491523809524,0.402761904762,0.631380952381,0.45080952381,0.691428571429,0.342238095238,0.694761904762,0.317666666667,0.533523809524,0.406428571429,0.15019047619,0.42819047619,0.0599047619048,0.573285714286,0.874428571429,0.767428571429,0.576619047619,0.466285714286,0.633714285714,0.710714285714,0.53380952381,0.470142857143,0.345476190476,0.370380952381,0.45,0.378428571429,0.392952380952,0.380285714286,0.189666666667,0.404761904762,0.40419047619,0.457476190476,0.718666666667,0.545857142857,0.454142857143,0.646857142857,0.239571428571,0.645285714286,0.696761904762,0.315238095238,0.518238095238,0.509,0.176142857143,0.316047619048,0.633476190476,0.59380952381,0.436619047619,0.480523809524,0.27819047619,0.763285714286,0.513952380952,0.23519047619,0.621523809524,0.27519047619,0.258666666667,0.474333333333,0.569904761905,0.48619047619,0.369904761905,0.586523809524,0.51580952381,0.477571428571,0.407666666667,0.39080952381,0.77319047619,0.379142857143,0.672238095238,0.326142857143,0.231904761905,0.234428571429,0.229047619048,0.503380952381,0.462380952381,0.602333333333,0.482047619048,0.40219047619,0.295428571429,0.682857142857,0.525952380952,0.718714285714,0.434047619048,0.424476190476,0.550285714286,0.242857142857,0.477523809524,0.479380952381,0.532666666667,0.577761904762,0.32319047619,0.372523809524,0.621714285714,0.575238095238,0.618238095238,0.0905714285714,0.0611904761905,0.509666666667,0.317857142857,0.566476190476,0.387380952381,0.566904761905,0.690666666667,0.627571428571,0.461857142857,0.546238095238,0.554476190476,0.258857142857,0.483666666667,0.436714285714,0.355428571429,,
1,0.0,0.292466666667,0.5972,0.293066666667,0.836466666667,0.631533333333,0.456133333333,0.629266666667,0.405266666667,0.543933333333,0.4728,0.7202,0.389266666667,0.523133333333,0.598133333333,0.279266666667,0.369266666667,0.274266666667,0.319666666667,0.6688,0.787733333333,0.600866666667,0.470666666667,0.683533333333,0.557933333333,0.479133333333,0.4354,0.726733333333,0.4562,0.2664,0.0713333333333,0.194733333333,0.1196,0.202066666667,0.428,0.631066666667,0.476333333333,0.386933333333,0.3178,0.599666666667,0.293,0.635066666667,0.515533333333,0.4244,0.2104,0.392066666667,0.460533333333,0.4048,0.373066666667,0.589533333333,0.588066666667,0.1196,0.330466666667,0.2926,0.713533333333,0.599933333333,0.560266666667,0.280866666667,0.563733333333,0.6744,0.7544,0.450666666667,0.576266666667,0.673533333333,0.8642,0.485133333333,0.363066666667,0.2798,0.8302,0.864266666667,0.521466666667,0.7104,0.604066666667,0.560933333333,0.709533333333,0.280133333333,0.554066666667,0.747133333333,0.641133333333,0.8916,0.3548,0.4394,0.318933333333,0.686266666667,0.6792,0.6168,0.491266666667,0.348333333333,0.3424,0.279866666667,0.779533333333,0.432466666667,0.533,0.138933333333,0.278933333333,0.2948,0.534133333333,0.597666666667,0.3352,0.272333333333,0.279533333333,0.4832,0.119266666667,0.4066,0.252666666667,0.490733333333,0.977733333333,0.599266666667,0.415666666667,0.283133333333,0.5158,0.723466666667,0.711866666667,0.4438,0.5284,0.337933333333,0.290466666667,0.450533333333,0.240533333333,0.0860666666667,0.737733333333,0.7226,0.669533333333,0.471733333333,0.798733333333,0.6018,0.486533333333,0.282,0.5554,0.507733333333,0.592533333333,0.2902,0.6318,0.594733333333,0.5148,0.274933333333,0.230733333333,0.489866666667,0.4352,0.527466666667,0.6616,0.359533333333,0.471866666667,0.2386,0.350066666667,0.1978,0.3202,0.311533333333,0.404066666667,0.584066666667,0.3116,0.121266666667,0.441266666667,0.0814666666667,0.5704,0.4776,0.5234,0.5586,0.392866666667,0.442866666667,0.518266666667,0.412466666667,0.490733333333,0.546066666667,0.352866666667,0.594533333333,0.715666666667,0.416,0.6148,0.401133333333,0.635066666667,0.489466666667,0.546866666667,0.281466666667,0.1566,0.475333333333,0.2068,0.516266666667,0.78,0.480266666667,0.516133333333,0.606533333333,0.475666666667,0.393133333333,0.442733333333,0.0,0.1982,0.279933333333,0.192466666667,0.1556,0.4704,0.4038,0.4536,0.286666666667,0.512266666667,0.685066666667,0.443133333333,0.642666666667,0.752733333333,0.593333333333,0.5378,0.409333333333,0.479733333333,0.5606,0.317666666667,0.644866666667,0.514933333333,0.315666666667,0.318866666667,0.901266666667,0.437733333333,0.519333333333,0.557333333333,0.4024,0.243733333333,0.524733333333,0.488933333333,0.511933333333,0.478066666667,0.4734,0.7494,0.3654,0.5296,0.6736,0.5608,0.4818,0.5572,0.278133333333,0.672333333333,0.558,0.685933333333,0.5852,0.2796,0.562933333333,0.469066666667,0.5632,0.398466666667,0.669222222222,,
2,0.5976,0.328066666667,0.210133333333,0.637466666667,0.5644,0.0,0.283066666667,0.9002,0.3716,0.4034,0.46,0.974333333333,0.5986,0.487666666667,0.722466666667,0.7558,0.667533333333,0.586533333333,0.629933333333,0.312933333333,0.6492,0.566466666667,0.808733333333,0.941,0.3318,0.793733333333,0.365866666667,0.358333333333,0.519066666667,0.6372,0.758,0.3334,0.476533333333,0.7962,0.826733333333,0.316066666667,0.529933333333,0.284933333333,0.746666666667,0.8716,0.590933333333,0.0,0.394933333333,0.406066666667,0.333666666667,0.509933333333,0.393066666667,0.947266666667,0.480933333333,0.828933333333,0.779466666667,0.2938,0.5594,0.5948,0.280066666667,0.411066666667,0.646466666667,0.435466666667,0.4722,0.5864,0.556133333333,0.682066666667,0.549266666667,0.730266666667,0.713133333333,0.119266666667,0.547933333333,0.312466666667,0.617333333333,0.820933333333,0.650333333333,0.7858,0.449933333333,0.596866666667,0.291533333333,0.405266666667,0.496733333333,0.577333333333,0.3292,0.6336,0.7922,0.243133333333,0.714933333333,0.827333333333,0.596066666667,0.527666666667,0.402066666667,0.802266666667,0.4982,0.5098,0.351266666667,0.406466666667,0.319866666667,0.5572,0.498866666667,0.792066666667,0.172733333333,0.278266666667,0.416333333333,0.721333333333,0.5058,0.474,0.828866666667,0.5826,0.406,0.597466666667,0.535733333333,0.526466666667,0.465,0.563733333333,0.792533333333,0.8732,0.495533333333,0.3752,0.503666666667,0.318666666667,0.444333333333,0.6538,0.591066666667,0.943866666667,0.511933333333,0.755466666667,0.638466666667,0.291933333333,0.643133333333,0.9054,0.3646,0.208266666667,0.512733333333,0.384333333333,0.572266666667,0.823133333333,0.404266666667,0.512133333333,0.200466666667,0.690666666667,0.7858,0.370733333333,0.719666666667,0.517066666667,0.587666666667,0.775666666667,0.6286,0.871866666667,0.7084,0.367,0.3666,0.291066666667,0.208,0.246666666667,0.514866666667,0.788266666667,0.3172,0.630266666667,0.2422,0.863066666667,0.585733333333,0.486066666667,0.472666666667,0.748466666667,0.743866666667,0.660333333333,0.533733333333,0.5564,0.573533333333,0.6544,0.781733333333,0.777666666667,0.512533333333,0.446466666667,0.742866666667,0.594866666667,0.7972,0.493333333333,0.600133333333,0.583666666667,0.3654,0.651666666667,0.705933333333,0.484066666667,0.4786,0.491,0.868466666667,0.7466,0.899066666667,0.442333333333,0.364666666667,0.279866666667,0.594533333333,0.869133333333,0.7892,0.859466666667,0.404,0.352733333333,0.4484,0.122466666667,0.667733333333,0.610666666667,0.0856666666667,0.170933333333,0.719,0.650666666667,0.375733333333,0.654,0.438533333333,0.622933333333,0.5118,0.651,0.7156,0.511733333333,0.476466666667,0.5274,0.431,0.4076,0.665466666667,0.901466666667,,
3,0.400066666667,0.8672,0.2792,0.723,0.5634,0.519666666667,0.5852,0.300533333333,0.561066666667,0.6124,0.3996,0.512666666667,0.1648,0.633333333333,0.330866666667,0.476066666667,0.086,0.680666666667,0.4842,0.5252,0.440533333333,0.405733333333,0.605066666667,0.446866666667,0.4044,0.361133333333,0.170466666667,0.5604,0.670933333333,0.793533333333,0.8318,0.757733333333,0.792533333333,0.704933333333,0.400933333333,0.6986,0.804,0.796866666667,0.7436,0.409066666667,0.410333333333,0.680466666667,0.478866666667,0.875533333333,0.6756,0.596,0.683866666667,0.751133333333,0.797533333333,0.8628,0.754266666667,0.837733333333,0.3686,0.607266666667,0.5518,0.871466666667,0.800666666667,0.4762,0.478266666667,0.725133333333,0.876666666667,0.608133333333,0.660666666667,0.764933333333,0.391333333333,0.335266666667,0.742266666667,0.870133333333,0.760066666667,0.643466666667,0.607133333333,0.904133333333,0.482533333333,0.5796,0.672133333333,0.7906,0.940133333333,0.7176,0.607866666667,0.669066666667,0.607,0.751066666667,0.7234,0.606066666667,0.414,0.636666666667,0.441266666667,0.474666666667,0.7944,0.290666666667,0.2096,0.596666666667,0.645133333333,0.515733333333,0.682,0.7052,0.643533333333,0.685133333333,0.596066666667,0.206933333333,0.3652,0.2034,0.416933333333,0.281533333333,0.405133333333,0.475933333333,0.717666666667,0.7918,0.866266666667,0.685933333333,0.471733333333,0.172733333333,0.783133333333,0.37,0.484466666667,0.871,0.6466,0.7056,0.403666666667,0.564733333333,0.594133333333,0.0876,0.831133333333,0.9392,0.4602,0.237533333333,0.510466666667,0.568066666667,0.796466666667,0.486733333333,0.402666666667,0.639466666667,0.268866666667,0.637133333333,0.708666666667,0.7494,0.748133333333,0.542333333333,0.3912,0.790533333333,0.311533333333,0.6728,0.598933333333,0.247933333333,0.549533333333,0.435866666667,0.670666666667,0.6452,0.899866666667,0.478,0.707333333333,0.4302,0.4866,0.588,0.650733333333,0.612066666667,0.583733333333,0.444133333333,0.792733333333,0.546133333333,0.743466666667,0.319666666667,0.451733333333,0.4744,0.319933333333,0.4886,0.668466666667,0.594666666667,0.208533333333,0.630666666667,0.562133333333,0.3998,0.611333333333,0.389666666667,0.601,0.379333333333,0.636133333333,0.361666666667,0.519266666667,0.685,0.3658,0.830733333333,0.529066666667,0.436133333333,0.444133333333,0.209333333333,0.607666666667,0.6836,0.6806,0.685666666667,0.523933333333,0.662933333333,0.445133333333,0.487666666667,0.564733333333,0.7166,0.753666666667,0.6394,0.402666666667,0.8676,0.521466666667,0.679133333333,0.715266666667,0.634066666667,0.581333333333,0.524,0.566333333333,0.709933333333,0.7466,0.195266666667,0.800733333333,0.506866666667,0.455266666667,0.711266666667,0.6846,0.865466666667,0.672133333333,0.670733333333,0.753733333333,0.633533333333,0.8284,0.443733333333,0.392533333333,0.4006,0.719333333333,0.71,0.6068,0.761666666667,0.437133333333,0.5876,0.247666666667,0.426666666667,0.8326,0.8638,0.683133333333,0.7578,0.841866666667,0.846555555556,,
4,0.849916666667,0.702333333333,0.793833333333,0.648666666667,0.401583333333,0.792833333333,0.614,0.55625,0.734416666667,0.702916666667,0.313333333333,0.647916666667,0.705083333333,0.990333333333,0.793833333333,0.5965,0.495416666667,0.984,0.639833333333,0.245166666667,0.790166666667,0.311916666667,0.5935,0.751833333333,0.46475,0.617083333333,0.702166666667,0.60725,0.786416666667,0.7025,0.829916666667,0.735833333333,0.3615,0.106666666667,0.982333333333,0.983916666667,0.3495,0.89375,0.976,0.934333333333,0.890083333333,0.555,0.550333333333,0.543916666667,0.750083333333,0.549833333333,0.601333333333,0.465666666667,0.503833333333,0.739583333333,0.8505,0.7475,0.697666666667,0.841333333333,0.93425,0.92925,0.748666666667,0.848583333333,0.60125,0.710083333333,0.753916666667,0.689,0.620166666667,0.743333333333,0.699,0.8875,0.50025,0.703666666667,0.552666666667,0.214666666667,0.599333333333,0.896083333333,0.454666666667,0.645,0.832833333333,0.840416666667,0.605083333333,0.841666666667,0.35375,0.350166666667,0.845583333333,0.642083333333,0.70125,0.692166666667,0.455416666667,0.487166666667,0.895083333333,0.836,0.7455,0.984,0.709166666667,0.800333333333,0.792666666667,0.635166666667,0.710583333333,0.89025,0.210833333333,0.440333333333,0.887833333333,0.261583333333,0.542833333333,0.691416666667,0.982833333333,0.707166666667,0.697916666667,0.520416666667,0.665416666667,0.79825,0.598333333333,0.452666666667,0.748833333333,0.6095,0.507333333333,0.698916666667,0.685583333333,0.651333333333,0.609916666667,0.5495,0.650166666667,0.243333333333,0.989416666667,0.684666666667,0.981916666667,0.584416666667,0.5195,0.933666666667,0.887083333333,0.8815,0.754916666667,0.595166666667,0.781333333333,0.6845,0.597083333333,0.506666666667,0.688583333333,0.748,0.684083333333,0.8935,0.66025,0.650416666667,0.79175,0.50125,0.594833333333,0.839416666667,0.356333333333,0.451833333333,0.9285,0.498916666667,0.74625,0.6525,0.844833333333,0.791666666667,0.79475,0.741833333333,0.523583333333,0.98675,0.592833333333,0.753416666667,0.651833333333,0.41325,0.45925,0.593833333333,0.702583333333,0.793916666667,0.436583333333,0.610666666667,0.796,0.738833333333,0.73,0.794833333333,0.889166666667,0.61175,0.396583333333,0.611083333333,0.656166666667,0.610166666667,0.75675,0.791166666667,0.706333333333,0.70075,0.890916666667,0.787416666667,0.556166666667,0.442833333333,0.839083333333,0.686916666667,0.438,0.839166666667,0.707166666667,,
5,0.790833333333,0.868333333333,0.0,0.878333333333,0.31,0.696333333333,0.429833333333,0.694,0.203833333333,0.702666666667,0.8,0.6,0.489666666667,0.0,0.209,0.884,0.216333333333,0.795,0.985833333333,0.874833333333,0.795166666667,0.98,0.770333333333,0.9835,0.8015,0.985333333333,0.706333333333,0.0,0.4885,0.490333333333,0.313333333333,0.2155,0.797833333333,0.3115,0.299666666667,0.5095,0.978333333333,0.303833333333,0.6975,0.0,0.506666666667,0.793666666667,0.5155,0.2185,0.6975,0.802333333333,0.882333333333,0.990666666667,0.987333333333,0.706333333333,0.794666666667,0.690833333333,0.987666666667,0.993666666667,0.0,0.874,0.487333333333,0.704333333333,0.485833333333,0.394166666667,0.0,0.493833333333,0.0,0.705666666667,0.2985,0.526333333333,0.694833333333,0.2045,0.5205,0.488166666667,0.622666666667,0.389,0.889666666667,0.399166666667,0.986833333333,0.875333333333,0.981333333333,0.792166666667,0.4975,0.9765,0.810166666667,0.973166666667,0.600166666667,0.212166666667,0.2145,0.4845,0.4205,0.2125,0.0,0.488833333333,0.208,0.695,0.981333333333,0.701166666667,0.794166666667,0.2045,0.209166666667,0.791333333333,0.623,0.983833333333,0.7935,0.987,0.9845,0.987666666667,0.985666666667,0.711333333333,0.803666666667,0.709166666667,0.0,0.788833333333,0.787833333333,0.41,0.0,0.522666666667,0.699333333333,0.493166666667,0.605833333333,0.0,0.696166666667,0.979666666667,0.307,0.522333333333,0.3035,0.977833333333,0.9755,0.794666666667,0.507333333333,0.9885,0.698833333333,0.691166666667,0.984333333333,0.430666666667,0.705166666667,0.985333333333,0.521,0.3115,0.697,0.209,0.798333333333,0.693166666667,0.608833333333,0.421,0.3915,0.218333333333,0.4875,0.0,0.309333333333,0.701833333333,0.973666666667,0.315833333333,0.609166666667,0.617833333333,0.702166666667,0.890166666667,0.622166666667,0.987333333333,0.4975,0.798333333333,0.990166666667,0.706333333333,0.384833333333,0.6,,
6,0.991666666667,0.991,0.437,0.0,0.975,0.99,0.989666666667,0.996666666667,0.992333333333,0.0,0.421666666667,0.994666666667,0.0,0.992666666667,0.99,0.615333333333,0.974333333333,0.790666666667,0.624333333333,0.993333333333,0.990333333333,0.987,0.0,0.984666666667,0.985666666667,0.988333333333,0.989333333333,0.608666666667,0.0,0.975333333333,0.974,0.414333333333,0.974666666667,0.0,0.985333333333,0.0,0.611333333333,0.982,0.771666666667,0.993666666667,0.982666666667,0.993666666667,0.425666666667,0.974333333333,0.985333333333,0.766666666667,0.988,0.987666666667,0.979333333333,0.977,0.985666666667,0.984333333333,0.970666666667,0.991666666667,0.781666666667,0.993666666667,0.424666666667,0.431666666667,0.990666666667,0.0,0.974333333333,0.0,0.0,0.0,0.621666666667,0.782666666667,0.0,0.778666666667,0.618666666667,0.620666666667,0.986,0.984,0.0,0.993666666667,0.436,0.991333333333,0.0,0.0,0.786,0.608666666667,0.971666666667,0.0,0.989666666667,0.425,0.0,0.598,0.974333333333,0.990333333333,0.608333333333,0.992333333333,0.976,0.988333333333,0.972333333333,0.976,0.0,0.770666666667,0.609,0.423,0.0,0.994333333333,0.418666666667,0.987666666667,0.973,0.0,0.0,0.0,0.992,0.993333333333,0.972666666667,0.977666666667,0.618,0.0,0.423333333333,0.991,0.989,0.994,0.0,0.984666666667,0.985333333333,0.986666666667,0.414666666667,0.0,0.418666666667,0.621666666667,0.0,0.785666666667,0.611,0.988,0.981333333333,0.785333333333,0.777,0.605333333333,0.991,0.606666666667,0.612,0.990333333333,0.779666666667,0.975666666667,0.977333333333,0.977666666667,0.976,0.775,0.977,0.598333333333,,
7,,
8,,
9,,


pbm,-,team_draft,

bin,whole_list,
0,0.548571428571,0.298428571429,0.448952380952,0.332952380952,0.525761904762,0.361,0.271761904762,0.297666666667,0.391714285714,0.328,0.383047619048,0.498380952381,0.355666666667,0.417238095238,0.351523809524,0.324523809524,0.256904761905,0.488523809524,0.335857142857,0.514,0.232047619048,0.147428571429,0.40219047619,0.495047619048,0.208523809524,0.198714285714,0.446285714286,0.171238095238,0.360523809524,0.315761904762,0.241047619048,0.305714285714,0.356714285714,0.298571428571,0.322619047619,0.120714285714,0.321619047619,0.350380952381,0.205428571429,0.32419047619,0.385523809524,0.295761904762,0.355333333333,0.298095238095,0.528047619048,0.318476190476,0.201619047619,0.182904761905,0.349428571429,0.258238095238,0.412095238095,0.350571428571,0.425904761905,0.44619047619,0.396619047619,0.368238095238,0.314476190476,0.182476190476,0.54119047619,0.397,0.20680952381,0.148380952381,0.413666666667,0.235714285714,0.41280952381,0.561857142857,0.320857142857,0.387666666667,0.330047619048,0.270095238095,0.445904761905,0.521857142857,0.328619047619,0.207142857143,0.117333333333,0.299047619048,0.271,0.146142857143,0.342238095238,0.495619047619,0.32180952381,0.433666666667,0.124952380952,0.270238095238,0.266380952381,0.148952380952,0.294380952381,0.216380952381,0.292952380952,0.406666666667,0.384333333333,0.191,0.437285714286,0.47980952381,0.345,0.337238095238,0.559857142857,0.583523809524,0.432523809524,0.367285714286,0.558523809524,0.236238095238,0.426952380952,0.267571428571,0.801,0.440523809524,0.140238095238,0.284619047619,0.357095238095,0.504,0.290476190476,0.255428571429,0.304857142857,0.688428571429,0.127333333333,0.373380952381,0.325047619048,0.225476190476,0.251,0.195142857143,0.226047619048,0.364,0.123904761905,0.30380952381,0.234047619048,0.649047619048,0.141904761905,0.101666666667,0.490571428571,0.37980952381,0.614714285714,0.410333333333,0.556238095238,0.224761904762,0.284952380952,0.0911428571429,0.272428571429,0.144761904762,0.204761904762,0.149476190476,0.449,0.543523809524,0.342952380952,0.542761904762,0.279952380952,0.568095238095,0.284047619048,0.478,0.112047619048,0.562619047619,0.187952380952,0.481761904762,0.649380952381,0.382333333333,0.264857142857,0.340619047619,0.559571428571,0.479380952381,0.331761904762,0.477285714286,0.227523809524,0.640523809524,0.202619047619,0.362047619048,0.290095238095,0.395,0.501952380952,0.44519047619,0.324238095238,0.636666666667,0.328142857143,0.123047619048,0.437047619048,0.222904761905,0.465238095238,0.191380952381,0.256285714286,0.558047619048,0.36019047619,0.560666666667,0.237714285714,0.327666666667,0.266095238095,0.303619047619,0.190761904762,0.601666666667,0.380333333333,0.247380952381,0.196428571429,0.529095238095,0.246476190476,0.423952380952,0.555380952381,0.332238095238,0.429476190476,0.519857142857,0.271238095238,0.190047619048,0.584238095238,0.418523809524,0.298761904762,0.557,0.112619047619,0.5,0.464095238095,0.200857142857,0.369666666667,0.264952380952,0.237095238095,0.537285714286,0.202238095238,0.50880952381,0.42180952381,0.411095238095,0.296142857143,0.622761904762,,
1,0.0856666666667,0.250333333333,0.0,0.239066666667,0.167666666667,0.155266666667,0.244733333333,0.323066666667,0.408866666667,0.328866666667,0.0846,0.357733333333,0.328066666667,0.246266666667,0.0852,0.254066666667,0.170933333333,0.0858,0.293133333333,0.324666666667,0.1554,0.403266666667,0.290666666667,0.4368,0.173666666667,0.2564,0.421066666667,0.320733333333,0.5956,0.829066666667,0.810666666667,0.8304,0.408,0.561333333333,0.5696,0.382333333333,0.190133333333,0.501933333333,0.390266666667,0.417666666667,0.827933333333,0.6618,0.300133333333,0.762133333333,0.820533333333,0.6182,0.336866666667,0.7296,0.388933333333,0.4154,0.493133333333,0.170066666667,0.165666666667,0.0837333333333,0.290866666667,0.607333333333,0.373733333333,0.0836666666667,0.0855333333333,0.520866666667,0.294866666667,0.203866666667,0.4464,0.238866666667,0.438333333333,0.1714,0.25,0.0881333333333,0.255333333333,0.153933333333,0.603933333333,0.380533333333,0.206333333333,0.241,0.249333333333,0.5222,0.4048,0.397266666667,0.241066666667,0.3708,0.458066666667,0.424466666667,0.614333333333,0.492133333333,0.548266666667,0.822666666667,0.743466666667,0.8266,0.528533333333,0.685933333333,0.604,0.730733333333,0.779733333333,0.583133333333,0.4854,0.288466666667,0.628666666667,0.499866666667,0.4236,0.4636,0.502266666667,0.0,0.338333333333,0.2524,0.295466666667,0.404533333333,0.4882,0.448466666667,0.4066,0.1652,0.367733333333,0.502066666667,0.237866666667,0.364,0.531666666667,0.167466666667,0.0848,0.251866666667,0.292066666667,0.247266666667,0.322733333333,0.3658,0.324733333333,0.172466666667,0.485333333333,0.593733333333,0.328933333333,0.239133333333,0.395066666667,0.319333333333,0.2686,0.146866666667,0.585133333333,0.321133333333,0.319533333333,0.697933333333,0.5816,0.4938,0.8156,0.532,0.3352,0.548066666667,0.175866666667,0.229266666667,0.6246,0.556733333333,0.381066666667,0.57,0.627866666667,0.408666666667,0.7112,0.858266666667,0.6494,0.363466666667,0.402066666667,0.531333333333,0.592333333333,0.283666666667,0.3684,0.156933333333,0.495466666667,0.400933333333,0.473666666667,0.422466666667,0.082,0.325066666667,0.399466666667,0.00453333333333,0.571266666667,0.683333333333,0.257666666667,0.404733333333,0.5042,0.1842,0.382933333333,0.2626,0.4038,0.331733333333,0.2434,0.474066666667,0.531266666667,0.259866666667,0.397866666667,0.328066666667,0.458733333333,0.404533333333,0.563,0.3992,0.495266666667,0.0806,0.565666666667,0.00653333333333,0.597266666667,0.0775333333333,0.2742,0.552466666667,0.7926,0.0818,0.437066666667,0.4042,0.494266666667,0.401866666667,0.4232,0.3516,0.263,0.475533333333,0.200466666667,0.421333333333,0.5286,0.176266666667,0.426933333333,0.402,0.403,0.0115333333333,0.406733333333,0.377933333333,0.0782,0.5964,0.696,0.4012,0.207933333333,0.2772,0.792933333333,0.133333333333,0.352733333333,0.0629333333333,0.592866666667,0.3096,0.228666666667,0.531333333333,0.570866666667,0.0819333333333,0.562133333333,0.453066666667,0.191066666667,0.619266666667,0.7942,0.975111111111,,
2,0.535333333333,0.538266666667,0.169866666667,0.2454,0.5752,0.203066666667,0.207666666667,0.561933333333,0.738533333333,0.7078,0.657733333333,0.836066666667,0.752466666667,0.377933333333,0.735,0.8178,0.7794,0.297866666667,0.690733333333,0.2102,0.741866666667,0.617733333333,0.632066666667,0.820066666667,0.494733333333,0.527266666667,0.500733333333,0.664733333333,0.249266666667,0.744333333333,0.901466666667,0.807933333333,0.496,0.3084,0.6188,0.650533333333,0.672866666667,0.7296,0.666066666667,0.818066666667,0.8594,0.383866666667,0.300266666667,0.853266666667,0.502,0.862333333333,0.663066666667,0.489933333333,0.416333333333,0.582,0.6286,0.581333333333,0.586133333333,0.586266666667,0.697666666667,0.2996,0.583533333333,0.6582,0.0661333333333,0.738466666667,0.498133333333,0.731866666667,0.579,0.6494,0.772466666667,0.3092,0.334333333333,0.484066666667,0.564466666667,0.445333333333,0.463066666667,0.4578,0.289733333333,0.3292,0.325933333333,0.3302,0.1698,0.330333333333,0.0,0.085,0.889866666667,0.510666666667,0.891133333333,0.317933333333,0.510933333333,0.4282,0.7772,0.415,0.167,0.821733333333,0.495466666667,0.731533333333,0.5792,0.9452,0.4886,0.529933333333,0.5352,0.511466666667,0.495266666667,0.736666666667,0.646666666667,0.331133333333,0.780333333333,0.747333333333,0.524666666667,0.3524,0.5846,0.619666666667,0.694466666667,0.7438,0.776933333333,0.660533333333,0.784133333333,0.582866666667,0.421466666667,0.616466666667,0.653933333333,0.410866666667,0.691866666667,0.651733333333,0.816133333333,0.702066666667,0.7856,0.684866666667,0.651733333333,0.780733333333,0.498266666667,0.483666666667,0.617933333333,0.711066666667,0.623133333333,0.782533333333,0.4582,0.904133333333,0.656466666667,0.453733333333,0.3666,0.609666666667,0.5804,0.698133333333,0.504066666667,0.416133333333,0.6402,0.5396,0.536066666667,0.1708,0.167866666667,0.211533333333,0.246,0.41,0.536333333333,0.8302,0.512,0.6588,0.501733333333,0.492533333333,0.584,0.7802,0.123666666667,0.691266666667,0.7334,0.827733333333,0.7894,0.455333333333,0.821066666667,0.584466666667,0.534866666667,0.776666666667,0.657666666667,0.776066666667,0.703333333333,0.611133333333,0.458133333333,0.667666666667,0.7092,0.901733333333,0.260066666667,0.4626,0.850733333333,0.454133333333,0.570066666667,0.270133333333,0.577533333333,0.788133333333,0.818466666667,0.1378,0.2846,0.3008,0.6968,0.769266666667,0.267066666667,0.822,0.415733333333,0.6874,0.6244,0.5072,0.341733333333,0.7068,0.5352,0.410333333333,0.5468,0.426133333333,0.687466666667,0.507133333333,0.386266666667,0.819,0.865466666667,0.8574,0.509466666667,0.729133333333,0.736133333333,0.547533333333,0.487466666667,0.784,0.8608,0.567133333333,,
3,0.3596,0.320533333333,0.433466666667,0.390333333333,0.610533333333,0.591266666667,0.867666666667,0.7102,0.754133333333,0.788533333333,0.794066666667,0.563866666667,0.903933333333,0.685,0.7226,0.328133333333,0.240066666667,0.292066666667,0.596733333333,0.6452,0.206733333333,0.830933333333,0.562533333333,0.716266666667,0.719533333333,0.834,0.706333333333,0.9032,0.711533333333,0.636333333333,0.7166,0.4504,0.695533333333,0.342733333333,0.825066666667,0.570533333333,0.763533333333,0.767866666667,0.340066666667,0.581733333333,0.626866666667,0.497666666667,0.783266666667,0.702866666667,0.528266666667,0.564533333333,0.577133333333,0.776133333333,0.585266666667,0.2282,0.622466666667,0.421533333333,0.497533333333,0.505533333333,0.784266666667,0.545066666667,0.784066666667,0.8276,0.492066666667,0.625466666667,0.497866666667,0.328466666667,0.858133333333,0.462866666667,0.859466666667,0.4878,0.378,0.784666666667,0.783266666667,0.540933333333,0.535266666667,0.626666666667,0.548133333333,0.6516,0.706333333333,0.428333333333,0.906666666667,0.6504,0.903,0.451866666667,0.329733333333,0.3928,0.437133333333,0.5142,0.403066666667,0.8988,0.831733333333,0.583533333333,0.484266666667,0.563066666667,0.706533333333,0.901466666667,0.670666666667,0.5704,0.1712,0.478733333333,0.6328,0.476133333333,0.5592,0.5964,0.777866666667,0.757733333333,0.638266666667,0.7244,0.673533333333,0.718666666667,0.585666666667,0.9744,0.547333333333,0.898866666667,0.983133333333,0.655733333333,0.335133333333,0.817666666667,0.618333333333,0.7824,0.984666666667,0.8526,0.489933333333,0.618666666667,0.545466666667,0.7496,0.791933333333,0.5344,0.6118,0.4574,0.524533333333,0.311066666667,0.232733333333,0.584333333333,0.493466666667,0.6516,0.526866666667,0.7758,0.985733333333,0.746733333333,0.528866666667,0.2968,0.449866666667,0.570466666667,0.373666666667,0.7748,0.8146,0.4944,0.693533333333,0.313333333333,0.5424,0.9054,0.389933333333,0.609866666667,0.530466666667,0.618933333333,0.856066666667,0.6716,0.6018,0.633,0.195666666667,0.733666666667,0.312133333333,0.287266666667,0.401733333333,0.480666666667,0.6338,0.7566,0.779466666667,0.630133333333,0.834066666667,0.707733333333,0.903266666667,0.7602,0.639133333333,0.718866666667,0.2806,0.435,0.462466666667,0.275333333333,0.3806,0.751866666667,0.763933333333,0.644266666667,0.597866666667,0.598666666667,0.5932,0.615066666667,0.598266666667,0.637933333333,0.7268,0.438866666667,0.514933333333,0.7914,0.774733333333,0.9888,0.617266666667,0.948333333333,0.475333333333,0.613333333333,0.5828,0.576266666667,0.5304,0.577066666667,0.861066666667,0.8632,0.6552,0.5858,0.573333333333,0.615266666667,0.307266666667,0.711133333333,0.712066666667,0.315133333333,0.610266666667,0.5614,0.261866666667,0.620266666667,0.506,0.9862,0.615,0.734066666667,0.229733333333,0.780066666667,0.789666666667,0.501466666667,0.373933333333,0.542666666667,0.543866666667,0.672,0.979066666667,0.792066666667,0.440133333333,0.489333333333,0.6118,0.7478,0.548733333333,0.861933333333,0.714066666667,0.816333333333,0.904466666667,0.845666666667,,
4,0.606,0.50725,0.747583333333,0.64175,0.839083333333,0.936666666667,0.886833333333,0.248083333333,0.756166666667,0.891,0.592666666667,0.749833333333,0.888666666667,0.97775,0.64775,0.923416666667,0.891833333333,0.689333333333,0.746,0.54775,0.348416666667,0.928666666667,0.551833333333,0.351666666667,0.782833333333,0.756416666667,0.739833333333,0.740416666667,0.978,0.50525,0.8425,0.783583333333,0.989,0.976083333333,0.458,0.936416666667,0.519833333333,0.415166666667,0.737583333333,0.73425,0.211583333333,0.550833333333,0.154083333333,0.8015,0.493333333333,0.732916666667,0.508416666667,0.88375,0.976083333333,0.877333333333,0.692333333333,0.641666666667,0.54825,0.732166666667,0.737833333333,0.691,0.692916666667,0.417833333333,0.534666666667,0.829083333333,0.493333333333,0.637416666667,0.780416666667,0.89,0.637166666667,0.893333333333,0.835,0.643083333333,0.8935,0.732083333333,0.595166666667,0.796916666667,0.506,0.641416666667,0.935416666667,0.982166666667,0.984333333333,0.935416666667,0.838333333333,0.981666666667,0.752666666667,0.885166666667,0.618583333333,0.3955,0.683333333333,0.5985,0.64975,0.799666666667,0.60025,0.888666666667,0.642416666667,0.736333333333,0.892166666667,0.645,0.551,0.734083333333,0.978333333333,0.737,0.711,0.884666666667,0.883833333333,0.748333333333,0.92575,0.701,0.88875,0.929416666667,0.840833333333,0.80025,0.749833333333,0.507083333333,0.597833333333,0.834666666667,0.980166666667,0.558166666667,0.592166666667,0.6005,0.8445,0.990083333333,0.247833333333,0.991166666667,0.69375,0.536666666667,0.73375,0.83675,0.733333333333,0.881333333333,0.888416666667,0.696833333333,0.738833333333,0.552333333333,0.40625,0.79075,0.75175,0.486333333333,0.984833333333,0.64,0.838916666667,0.8955,0.653166666667,0.544666666667,0.846833333333,0.642583333333,0.544916666667,0.737916666667,0.979416666667,0.802833333333,0.495,0.7315,0.5965,0.48725,0.792416666667,0.748666666667,0.60175,0.609083333333,0.8365,0.845333333333,0.746583333333,0.699666666667,0.8875,0.800833333333,0.686166666667,0.71225,0.7495,0.601583333333,0.787,0.5055,0.795,0.784833333333,0.889333333333,0.887916666667,0.739833333333,0.45825,0.548666666667,0.512333333333,0.598083333333,0.929333333333,0.80275,0.5215,0.886083333333,0.929916666667,0.693416666667,0.52125,0.67075,0.620583333333,0.565333333333,0.580666666667,0.526833333333,0.689916666667,0.68775,,
5,0.7965,0.982833333333,0.790666666667,0.803166666667,0.97,0.703,0.214,0.872833333333,0.487833333333,0.797166666667,0.700833333333,0.701333333333,0.972166666667,0.989166666667,0.2125,0.702,0.797166666667,0.797666666667,0.708833333333,0.0,0.880166666667,0.973,0.9915,0.0,0.981166666667,0.876333333333,0.883833333333,0.486833333333,0.488333333333,0.208166666667,0.973666666667,0.0,0.206833333333,0.484166666667,0.971333333333,0.300333333333,0.485333333333,0.487833333333,0.783166666667,0.9765,0.489,0.798833333333,0.514166666667,0.977166666667,0.979166666667,0.596666666667,0.9915,0.991833333333,0.991166666667,0.498333333333,0.983333333333,0.597833333333,0.496833333333,0.425,0.804833333333,0.4155,0.974833333333,0.707333333333,0.306833333333,0.492666666667,0.7,0.519166666667,0.974,0.981166666667,0.7985,0.981666666667,0.700166666667,0.699166666667,0.798666666667,0.978166666667,0.697833333333,0.987166666667,0.991333333333,0.886666666667,0.976666666667,0.308333333333,0.883166666667,0.492333333333,0.487333333333,0.985833333333,0.800666666667,0.977,0.486166666667,0.0,0.6985,0.214166666667,0.415,0.795833333333,0.522166666667,0.520666666667,0.492666666667,0.978666666667,0.4925,0.488833333333,0.6995,0.0,0.880333333333,0.7945,0.699666666667,0.703833333333,0.7055,0.808833333333,0.992666666667,0.807166666667,0.991,0.882833333333,0.706333333333,0.989833333333,0.788833333333,0.512166666667,0.488166666667,0.797833333333,0.489,0.981,0.699666666667,0.984666666667,0.306833333333,0.9715,0.792666666667,0.880833333333,0.699,0.706166666667,0.316666666667,0.615666666667,0.688833333333,0.972166666667,0.980666666667,0.985166666667,0.489333333333,0.706666666667,0.532666666667,0.391,0.495333333333,0.3085,0.207166666667,0.490666666667,0.519166666667,0.976,0.792166666667,0.794,0.697833333333,0.795166666667,0.8015,0.797666666667,0.795,0.606833333333,0.697166666667,0.309166666667,0.4855,0.975833333333,0.788,0.797166666667,0.527,0.9755,0.395166666667,0.7935,0.881833333333,0.881833333333,0.694666666667,0.8005,0.988166666667,0.492166666667,,
6,0.992333333333,0.777666666667,0.419333333333,0.413333333333,0.988,0.777,0.975,0.989666666667,0.435333333333,0.617333333333,0.976666666667,0.774333333333,0.991,0.991666666667,0.990666666667,0.0,0.608,0.992,0.991666666667,0.973333333333,0.0,0.600666666667,0.784333333333,0.994666666667,0.977,0.0,0.611333333333,0.793666666667,0.990333333333,0.989333333333,0.617666666667,0.989333333333,0.774333333333,0.986,0.609333333333,0.989666666667,0.427,0.784666666667,0.438666666667,0.991,0.415666666667,0.974,0.772666666667,0.987666666667,0.441666666667,0.993333333333,0.439333333333,0.419333333333,0.990666666667,0.772666666667,0.781666666667,0.975,0.971333333333,0.989666666667,0.616333333333,0.434666666667,0.989666666667,0.0,0.614,0.0,0.0,0.625333333333,0.43,0.0,0.994666666667,0.987,0.793333333333,0.781666666667,0.986333333333,0.615,0.974,0.990333333333,0.992333333333,0.973666666667,0.988333333333,0.0,0.989666666667,0.991666666667,0.0,0.796666666667,0.989,0.0,0.413,0.0,0.989333333333,0.610333333333,0.423666666667,0.791666666667,0.0,0.774666666667,0.776,0.991,0.613,0.986666666667,0.977,0.989,0.773666666667,0.989333333333,0.99,0.975,0.423,0.985333333333,0.0,0.0,0.776666666667,0.976,0.974666666667,0.418333333333,0.968333333333,0.0,0.415333333333,0.987666666667,0.993,0.989666666667,0.0,0.994,0.973666666667,0.429,0.983,0.987,0.619666666667,0.779666666667,0.990666666667,0.990666666667,0.771333333333,0.426666666667,0.974,0.610666666667,0.990333333333,0.989666666667,0.615333333333,0.0,0.597666666667,0.615333333333,0.0,0.425333333333,0.983,0.989333333333,0.991,0.781333333333,0.769,0.0,0.0,0.414,,
7,,
8,,
9,,


random,-,probabilistic_interleaving,

bin,whole_list,
0,0.257380952381,0.317761904762,0.234904761905,0.239666666667,0.210904761905,0.311714285714,0.320857142857,0.277380952381,0.290714285714,0.328904761905,0.255095238095,0.288476190476,0.304333333333,0.235904761905,0.217285714286,0.265761904762,0.280571428571,0.201571428571,0.296666666667,0.301238095238,0.270285714286,0.324714285714,0.381380952381,0.307476190476,0.266428571429,0.236904761905,0.264666666667,0.313047619048,0.316428571429,0.191476190476,0.346666666667,0.332952380952,0.179523809524,0.378857142857,0.289571428571,0.351619047619,0.330619047619,0.194761904762,0.381095238095,0.265761904762,0.227952380952,0.281476190476,0.288904761905,0.335,0.253761904762,0.25119047619,0.258523809524,0.168952380952,0.307285714286,0.273904761905,0.229571428571,0.268095238095,0.366904761905,0.28880952381,0.302619047619,0.338523809524,0.37419047619,0.376428571429,0.314142857143,0.174095238095,0.0877142857143,0.443714285714,0.291761904762,0.315714285714,0.340142857143,0.272238095238,0.228380952381,0.305904761905,0.29119047619,0.302428571429,0.269095238095,0.264476190476,0.286333333333,0.42319047619,0.229666666667,0.341142857143,0.199904761905,0.289666666667,0.309,0.18419047619,0.272857142857,0.235285714286,0.183761904762,0.361571428571,0.175047619048,0.305,0.293476190476,0.255047619048,0.319,0.28,0.214952380952,0.196904761905,0.21680952381,0.302952380952,0.173142857143,0.198952380952,0.287380952381,0.266238095238,0.248666666667,0.324904761905,0.268619047619,0.251714285714,0.299047619048,0.284333333333,0.33180952381,0.220476190476,0.221571428571,0.302428571429,0.327476190476,0.275952380952,0.124666666667,0.314142857143,0.236333333333,0.257333333333,0.219571428571,0.276476190476,0.307428571429,0.17580952381,0.250333333333,0.163142857143,0.385761904762,0.345380952381,0.300714285714,0.337952380952,0.290666666667,0.253142857143,0.331714285714,0.294095238095,0.269904761905,0.177238095238,0.160285714286,0.199619047619,0.19619047619,0.271571428571,0.237952380952,0.20419047619,0.263571428571,0.295523809524,0.258285714286,0.325285714286,0.302952380952,0.223619047619,0.236142857143,0.235238095238,0.307,0.30180952381,0.193619047619,0.293857142857,0.312714285714,0.210904761905,0.231095238095,0.372428571429,0.307047619048,0.26380952381,0.207,0.201904761905,0.322142857143,0.273428571429,0.227380952381,0.338904761905,0.212619047619,0.161857142857,0.265380952381,0.259142857143,0.149952380952,0.287714285714,0.324523809524,0.310904761905,0.332523809524,0.230238095238,0.158857142857,0.288761904762,0.173904761905,0.257047619048,0.200095238095,0.197571428571,0.224666666667,0.20880952381,0.363476190476,0.295523809524,0.286,0.241761904762,0.166428571429,0.122333333333,0.349,0.300428571429,0.280761904762,0.259238095238,0.248380952381,0.316571428571,0.300142857143,0.268904761905,0.279380952381,0.285380952381,0.285238095238,0.253523809524,0.206666666667,0.204238095238,0.27680952381,0.281095238095,0.16580952381,0.141904761905,0.319571428571,0.20519047619,0.264428571429,0.144666666667,0.191619047619,0.254,0.294857142857,0.205904761905,0.210047619048,0.277285714286,0.15719047619,0.198142857143,0.231904761905,0.217285714286,,
1,0.0790666666667,0.3096,0.364933333333,0.2562,0.309133333333,0.426266666667,0.3514,0.258533333333,0.278866666667,0.3082,0.263866666667,0.367666666667,0.245866666667,0.288,0.383133333333,0.172066666667,0.3492,0.331733333333,0.13,0.278,0.4798,0.3892,0.154666666667,0.3594,0.327666666667,0.209066666667,0.2784,0.452533333333,0.346933333333,0.329333333333,0.2128,0.1678,0.249866666667,0.178,0.247933333333,0.410266666667,0.3674,0.2562,0.1672,0.388933333333,0.362266666667,0.365266666667,0.372266666667,0.313866666667,0.3614,0.2942,0.252266666667,0.298133333333,0.235866666667,0.297,0.4046,0.253,0.208933333333,0.305133333333,0.4522,0.360533333333,0.324266666667,0.237933333333,0.3024,0.285933333333,0.291466666667,0.330466666667,0.347466666667,0.3498,0.276333333333,0.424266666667,0.198066666667,0.284933333333,0.3598,0.382333333333,0.249733333333,0.370266666667,0.2758,0.232333333333,0.3276,0.216333333333,0.2848,0.3356,0.5072,0.382733333333,0.212133333333,0.253866666667,0.215933333333,0.288866666667,0.286,0.427266666667,0.248066666667,0.298733333333,0.222,0.220133333333,0.480866666667,0.320066666667,0.362266666667,0.200133333333,0.2582,0.271,0.447933333333,0.283066666667,0.308466666667,0.256666666667,0.261666666667,0.371266666667,0.250466666667,0.2248,0.257333333333,0.3062,0.449933333333,0.268733333333,0.2916,0.289666666667,0.2622,0.271133333333,0.437866666667,0.378133333333,0.202266666667,0.3022,0.450333333333,0.378266666667,0.164533333333,0.1692,0.406266666667,0.337933333333,0.3756,0.3272,0.3606,0.299066666667,0.3184,0.243266666667,0.334466666667,0.2444,0.295133333333,0.1852,0.4468,0.398466666667,0.3006,0.212933333333,0.279466666667,0.3104,0.3028,0.354933333333,0.2828,0.357,0.311666666667,0.298,0.355,0.212133333333,0.173,0.233733333333,0.260733333333,0.332866666667,0.314466666667,0.1376,0.240866666667,0.0548666666667,0.283533333333,0.227466666667,0.2242,0.283733333333,0.1852,0.2388,0.286866666667,0.216133333333,0.331933333333,0.285066666667,0.148533333333,0.2808,0.2514,0.250866666667,0.230333333333,0.276733333333,0.341666666667,0.255066666667,0.2012,0.144933333333,0.121866666667,0.339533333333,0.128266666667,0.2112,0.289333333333,0.261333333333,0.242133333333,0.353,0.2006,0.238333333333,0.201533333333,0.0724666666667,0.128333333333,0.1478,0.1348,0.0953333333333,0.226266666667,0.2202,0.312066666667,0.220666666667,0.2438,0.3392,0.155,0.220866666667,0.340466666667,0.249533333333,0.345066666667,0.153333333333,0.2684,0.259533333333,0.1484,0.325466666667,0.245533333333,0.1782,0.138066666667,0.424866666667,0.279866666667,0.280866666667,0.254933333333,0.228666666667,0.191733333333,0.248466666667,0.2594,0.223533333333,0.2274,0.157466666667,0.2906,0.194733333333,0.204133333333,0.328733333333,0.280933333333,0.283533333333,0.256533333333,0.102866666667,0.252466666667,0.237933333333,0.3384,0.2966,0.1774,0.250533333333,0.214133333333,0.3354,0.1976,0.220555555556,,
2,0.2026,0.300933333333,0.267466666667,0.255266666667,0.200466666667,0.174866666667,0.272066666667,0.275533333333,0.236733333333,0.24,0.329333333333,0.3638,0.323466666667,0.308866666667,0.339866666667,0.292666666667,0.361266666667,0.3958,0.299933333333,0.181266666667,0.374466666667,0.295533333333,0.293466666667,0.4072,0.281,0.308933333333,0.252866666667,0.192866666667,0.329466666667,0.303333333333,0.290533333333,0.317333333333,0.288133333333,0.268133333333,0.4652,0.245466666667,0.289133333333,0.193066666667,0.321333333333,0.407,0.216866666667,0.107133333333,0.276666666667,0.231933333333,0.211666666667,0.288,0.206733333333,0.422933333333,0.2936,0.381533333333,0.215333333333,0.191733333333,0.3004,0.389933333333,0.234133333333,0.192066666667,0.3754,0.2624,0.265533333333,0.254866666667,0.249466666667,0.270333333333,0.244,0.339066666667,0.268133333333,0.1312,0.3484,0.2054,0.439533333333,0.200066666667,0.3402,0.4064,0.363133333333,0.2638,0.256866666667,0.3114,0.316,0.2554,0.285133333333,0.232933333333,0.331266666667,0.279733333333,0.328466666667,0.2988,0.199533333333,0.3242,0.247866666667,0.389,0.305533333333,0.334,0.1868,0.232933333333,0.166133333333,0.340866666667,0.210666666667,0.3624,0.1488,0.182066666667,0.291533333333,0.299533333333,0.2676,0.259933333333,0.273066666667,0.239933333333,0.314533333333,0.282933333333,0.354266666667,0.274466666667,0.237133333333,0.187533333333,0.407466666667,0.4482,0.304,0.210333333333,0.171066666667,0.186733333333,0.3166,0.360133333333,0.221666666667,0.419866666667,0.349933333333,0.369933333333,0.249733333333,0.262533333333,0.356866666667,0.3192,0.323266666667,0.2036,0.2834,0.335333333333,0.390933333333,0.392266666667,0.229333333333,0.232466666667,0.161066666667,0.2868,0.2838,0.239333333333,0.2792,0.317533333333,0.295733333333,0.1996,0.209733333333,0.359666666667,0.393933333333,0.276933333333,0.210533333333,0.222066666667,0.286866666667,0.2754,0.167733333333,0.372333333333,0.146266666667,0.352933333333,0.242733333333,0.393333333333,0.339,0.228,0.212533333333,0.387466666667,0.396733333333,0.303466666667,0.355666666667,0.292133333333,0.3552,0.348733333333,0.354933333333,0.368733333333,0.233266666667,0.230066666667,0.370266666667,0.352266666667,0.4088,0.2832,0.298133333333,0.331533333333,0.229066666667,0.304866666667,0.2592,0.312066666667,0.3204,0.298933333333,0.416,0.281533333333,0.324,0.2326,0.2518,0.261066666667,0.246133333333,0.385133333333,0.320466666667,0.360266666667,0.292733333333,0.1792,0.312933333333,0.230733333333,0.2278,0.373066666667,0.1552,0.240933333333,0.389333333333,0.3014,0.284266666667,0.301,0.252066666667,0.291333333333,0.259,0.341466666667,0.346533333333,0.285733333333,0.2054,0.289466666667,0.231133333333,0.2038,0.207,0.3594,,
3,0.2,0.492133333333,0.186133333333,0.3686,0.283333333333,0.281733333333,0.184266666667,0.214933333333,0.280933333333,0.3282,0.2392,0.294333333333,0.108266666667,0.234466666667,0.176266666667,0.2976,0.194933333333,0.415133333333,0.2784,0.298866666667,0.189,0.148,0.266066666667,0.281066666667,0.2538,0.2888,0.111333333333,0.1794,0.251466666667,0.395933333333,0.3758,0.351933333333,0.269866666667,0.285266666667,0.300133333333,0.287,0.3918,0.3016,0.333733333333,0.2418,0.1948,0.3738,0.181266666667,0.3366,0.341133333333,0.181933333333,0.440533333333,0.285933333333,0.372733333333,0.242933333333,0.3922,0.3106,0.161466666667,0.352866666667,0.369466666667,0.397066666667,0.439866666667,0.236333333333,0.248133333333,0.393933333333,0.360933333333,0.356066666667,0.351266666667,0.373066666667,0.1916,0.296333333333,0.260266666667,0.418866666667,0.300733333333,0.200866666667,0.2936,0.290866666667,0.238533333333,0.297866666667,0.184933333333,0.323066666667,0.326066666667,0.340733333333,0.2848,0.415066666667,0.264066666667,0.283866666667,0.255733333333,0.233,0.269533333333,0.1972,0.248933333333,0.232733333333,0.359333333333,0.286266666667,0.148666666667,0.299533333333,0.334266666667,0.261333333333,0.397666666667,0.203533333333,0.3918,0.344466666667,0.270133333333,0.225466666667,0.283733333333,0.166933333333,0.2576,0.148466666667,0.2866,0.233333333333,0.3246,0.2772,0.271466666667,0.300933333333,0.279533333333,0.160266666667,0.294866666667,0.3254,0.208733333333,0.4188,0.2806,0.224933333333,0.261466666667,0.3232,0.314666666667,0.110466666667,0.288266666667,0.315533333333,0.1938,0.189466666667,0.187733333333,0.270733333333,0.270466666667,0.209333333333,0.268666666667,0.250466666667,0.194,0.297866666667,0.3234,0.3762,0.434733333333,0.257266666667,0.164133333333,0.245266666667,0.153533333333,0.311066666667,0.269866666667,0.129333333333,0.195066666667,0.177266666667,0.349133333333,0.2098,0.454866666667,0.3008,0.413,0.152333333333,0.2816,0.187533333333,0.279933333333,0.1958,0.3404,0.203466666667,0.343666666667,0.338333333333,0.4206,0.146266666667,0.2946,0.2802,0.17,0.291933333333,0.2826,0.321066666667,0.2068,0.3354,0.188133333333,0.245466666667,0.340466666667,0.229733333333,0.381,0.233866666667,0.192733333333,0.239666666667,0.2256,0.298466666667,0.2062,0.3702,0.268733333333,0.2448,0.219933333333,0.108666666667,0.363666666667,0.446533333333,0.2102,0.351666666667,0.220933333333,0.3128,0.227866666667,0.222533333333,0.316733333333,0.289733333333,0.275933333333,0.305733333333,0.221666666667,0.3414,0.275466666667,0.360933333333,0.263,0.255666666667,0.3228,0.2618,0.354666666667,0.3228,0.304666666667,0.155733333333,0.286666666667,0.331333333333,0.217133333333,0.275333333333,0.334733333333,0.312533333333,0.336933333333,0.2282,0.2804,0.3014,0.281,0.343666666667,0.185933333333,0.218666666667,0.3646,0.2486,0.3482,0.266666666667,0.2424,0.216066666667,0.132733333333,0.235733333333,0.331133333333,0.529733333333,0.307066666667,0.233333333333,0.3692,0.473444444444,,
4,0.400083333333,0.296666666667,0.276,0.286583333333,0.19375,0.388916666667,0.252833333333,0.3425,0.235666666667,0.296,0.161916666667,0.371916666667,0.3375,0.46625,0.165833333333,0.218916666667,0.227,0.33,0.19175,0.204833333333,0.386833333333,0.187666666667,0.267666666667,0.268916666667,0.1945,0.27525,0.331166666667,0.2475,0.311166666667,0.236916666667,0.360416666667,0.23525,0.193333333333,0.122666666667,0.39475,0.417,0.214333333333,0.34575,0.304166666667,0.33625,0.301333333333,0.247083333333,0.211,0.257416666667,0.316666666667,0.27325,0.338583333333,0.16075,0.18275,0.335416666667,0.334583333333,0.292666666667,0.293333333333,0.325333333333,0.487416666667,0.300083333333,0.228833333333,0.390666666667,0.259166666667,0.368083333333,0.313916666667,0.302166666667,0.1805,0.334833333333,0.393166666667,0.163916666667,0.189166666667,0.284583333333,0.279583333333,0.137583333333,0.23275,0.485416666667,0.1805,0.23025,0.402583333333,0.26675,0.284,0.271833333333,0.162833333333,0.20275,0.34025,0.23375,0.358166666667,0.237666666667,0.240916666667,0.121666666667,0.356,0.271916666667,0.214583333333,0.277416666667,0.274666666667,0.298,0.423333333333,0.244416666667,0.3525,0.307083333333,0.186416666667,0.193416666667,0.348916666667,0.163583333333,0.260333333333,0.196416666667,0.42075,0.346333333333,0.258833333333,0.32875,0.341583333333,0.345083333333,0.278166666667,0.219416666667,0.343,0.408666666667,0.254583333333,0.304666666667,0.442083333333,0.292916666667,0.238666666667,0.221416666667,0.302166666667,0.04825,0.4005,0.269833333333,0.31025,0.222083333333,0.166333333333,0.418583333333,0.364416666667,0.250083333333,0.20725,0.227333333333,0.330416666667,0.309416666667,0.207166666667,0.202833333333,0.374833333333,0.2775,0.309583333333,0.42325,0.32,0.23,0.228666666667,0.2055,0.21375,0.294416666667,0.208333333333,0.277666666667,0.350333333333,0.319583333333,0.393166666667,0.2585,0.297333333333,0.380583333333,0.3365,0.347416666667,0.23525,0.340416666667,0.314666666667,0.326333333333,0.25275,0.273416666667,0.25875,0.270666666667,0.236833333333,0.385833333333,0.207583333333,0.285833333333,0.3925,0.26875,0.16675,0.35825,0.312416666667,0.40825,0.13225,0.283916666667,0.255583333333,0.324916666667,0.31375,0.428416666667,0.238,0.277916666667,0.291666666667,0.36225,0.294333333333,0.181666666667,0.364166666667,0.294666666667,0.1915,0.244916666667,0.398166666667,,
5,0.2685,0.3385,0.0,0.372833333333,0.171666666667,0.397333333333,0.271833333333,0.279166666667,0.1415,0.293166666667,0.3465,0.370666666667,0.137,0.0,0.134833333333,0.452166666667,0.276666666667,0.396666666667,0.381,0.305666666667,0.2785,0.311666666667,0.368166666667,0.306166666667,0.3095,0.3715,0.282833333333,0.0,0.121,0.2735,0.251166666667,0.134833333333,0.325333333333,0.136833333333,0.122,0.304833333333,0.507,0.138666666667,0.238666666667,0.0,0.263333333333,0.308333333333,0.392166666667,0.0965,0.196166666667,0.252833333333,0.396,0.419,0.424,0.282,0.173333333333,0.259,0.419666666667,0.618333333333,0.0,0.3175,0.131166666667,0.2295,0.277833333333,0.248,0.0,0.237166666667,0.0,0.380333333333,0.2815,0.3335,0.2315,0.130166666667,0.279,0.14,0.248666666667,0.3895,0.514166666667,0.208833333333,0.445666666667,0.306666666667,0.3725,0.316833333333,0.310333333333,0.202,0.249666666667,0.3315,0.384166666667,0.144333333333,0.142,0.13,0.236666666667,0.198666666667,0.147,0.135666666667,0.124333333333,0.272,0.370166666667,0.372,0.417166666667,0.1365,0.12,0.269333333333,0.276,0.245166666667,0.172166666667,0.444166666667,0.315666666667,0.387833333333,0.4035,0.3325,0.401166666667,0.256166666667,0.0,0.225166666667,0.4215,0.391833333333,0.0,0.269,0.286666666667,0.234666666667,0.314666666667,0.145833333333,0.279,0.365333333333,0.139166666667,0.197166666667,0.194833333333,0.368333333333,0.255833333333,0.228333333333,0.1525,0.442,0.3375,0.170666666667,0.352,0.206833333333,0.234,0.444333333333,0.183333333333,0.279166666667,0.283833333333,0.0978333333333,0.330166666667,0.272,0.269333333333,0.342,0.242,0.1435,0.103333333333,0.0,0.133666666667,0.419666666667,0.394833333333,0.140833333333,0.197833333333,0.272166666667,0.365166666667,0.373666666667,0.148333333333,0.353166666667,0.300833333333,0.250666666667,0.419833333333,0.173,0.185666666667,0.252,,
6,0.483333333333,0.460333333333,0.198333333333,0.0,0.241666666667,0.474333333333,0.370666666667,0.603333333333,0.462,0.0,0.199333333333,0.620333333333,0.0,0.465666666667,0.483333333333,0.145333333333,0.251666666667,0.417,0.186666666667,0.472,0.468333333333,0.471,0.0,0.378333333333,0.474,0.454333333333,0.422333333333,0.190666666667,0.0,0.194666666667,0.194,0.213333333333,0.255,0.0,0.453666666667,0.0,0.258,0.360333333333,0.461666666667,0.620333333333,0.473,0.348333333333,0.189,0.154666666667,0.483666666667,0.365666666667,0.451333333333,0.370333333333,0.196,0.235666666667,0.375333333333,0.414333333333,0.255666666667,0.462333333333,0.478,0.479333333333,0.192,0.246,0.465,0.0,0.208666666667,0.0,0.0,0.0,0.201,0.462666666667,0.0,0.352666666667,0.194,0.268333333333,0.461666666667,0.405,0.0,0.472,0.263,0.374333333333,0.0,0.0,0.504666666667,0.192,0.196,0.0,0.462,0.253,0.0,0.268,0.266,0.478666666667,0.187333333333,0.477333333333,0.276666666667,0.408666666667,0.194666666667,0.246666666667,0.0,0.357333333333,0.181,0.196333333333,0.0,0.625333333333,0.196,0.471333333333,0.252333333333,0.0,0.0,0.0,0.463666666667,0.631,0.272666666667,0.187666666667,0.251666666667,0.0,0.197666666667,0.472333333333,0.465,0.352333333333,0.0,0.482333333333,0.471,0.427666666667,0.254,0.0,0.249666666667,0.256333333333,0.0,0.471,0.255333333333,0.406,0.362666666667,0.467333333333,0.474666666667,0.205666666667,0.365,0.2,0.255666666667,0.422333333333,0.463666666667,0.193333333333,0.241333333333,0.191,0.201666666667,0.474,0.259666666667,0.150333333333,,
7,,
8,,
9,,


random,-,team_draft,

bin,whole_list,
0,0.375047619048,0.341285714286,0.328571428571,0.265619047619,0.478666666667,0.30680952381,0.27380952381,0.255095238095,0.26680952381,0.22419047619,0.26019047619,0.407761904762,0.300238095238,0.349047619048,0.30180952381,0.273666666667,0.240571428571,0.386428571429,0.286476190476,0.405619047619,0.273476190476,0.165142857143,0.351238095238,0.346476190476,0.24019047619,0.164333333333,0.331428571429,0.22280952381,0.339952380952,0.302761904762,0.266333333333,0.249761904762,0.303476190476,0.251047619048,0.18719047619,0.186333333333,0.302142857143,0.245857142857,0.251,0.200904761905,0.219666666667,0.282571428571,0.354904761905,0.30219047619,0.364857142857,0.257761904762,0.235523809524,0.21880952381,0.285666666667,0.23180952381,0.351857142857,0.284857142857,0.268952380952,0.407238095238,0.339761904762,0.255,0.285142857143,0.242047619048,0.349142857143,0.344571428571,0.287142857143,0.163904761905,0.372761904762,0.238142857143,0.33780952381,0.470666666667,0.237523809524,0.287476190476,0.236952380952,0.258095238095,0.356952380952,0.381333333333,0.25819047619,0.186714285714,0.132333333333,0.311476190476,0.229095238095,0.154952380952,0.287142857143,0.308238095238,0.274380952381,0.288571428571,0.14680952381,0.232952380952,0.222857142857,0.185285714286,0.30419047619,0.300285714286,0.305904761905,0.335285714286,0.279857142857,0.234666666667,0.286904761905,0.273714285714,0.36819047619,0.200904761905,0.376761904762,0.314238095238,0.377142857143,0.235380952381,0.305714285714,0.186142857143,0.313761904762,0.20619047619,0.41580952381,0.248523809524,0.209714285714,0.234047619048,0.253380952381,0.282523809524,0.256,0.211571428571,0.173333333333,0.33680952381,0.219523809524,0.21319047619,0.339571428571,0.224380952381,0.247523809524,0.169571428571,0.177285714286,0.304047619048,0.112,0.155,0.184571428571,0.317619047619,0.155142857143,0.205857142857,0.249142857143,0.314619047619,0.371571428571,0.277285714286,0.331761904762,0.151,0.278952380952,0.215380952381,0.24680952381,0.223333333333,0.225047619048,0.166380952381,0.186095238095,0.298666666667,0.236904761905,0.263428571429,0.276857142857,0.331333333333,0.232142857143,0.343619047619,0.115238095238,0.324571428571,0.11419047619,0.278380952381,0.342285714286,0.252952380952,0.202714285714,0.207714285714,0.378904761905,0.300380952381,0.132857142857,0.257523809524,0.251428571429,0.280380952381,0.244571428571,0.259,0.279952380952,0.295095238095,0.347952380952,0.300714285714,0.217333333333,0.332,0.268476190476,0.130904761905,0.269285714286,0.196761904762,0.273,0.179428571429,0.34019047619,0.362761904762,0.281,0.256095238095,0.182047619048,0.280619047619,0.25680952381,0.269428571429,0.247380952381,0.343,0.373142857143,0.166428571429,0.181142857143,0.319428571429,0.304952380952,0.24880952381,0.376523809524,0.33980952381,0.25019047619,0.35419047619,0.235,0.239428571429,0.23180952381,0.320904761905,0.207523809524,0.317666666667,0.14780952381,0.248047619048,0.340952380952,0.184571428571,0.213142857143,0.165571428571,0.23619047619,0.337666666667,0.153666666667,0.332476190476,0.308095238095,0.276714285714,0.221523809524,0.401666666667,,
1,0.322866666667,0.329,0.314133333333,0.3622,0.115733333333,0.183266666667,0.2092,0.249,0.326533333333,0.243733333333,0.167066666667,0.2822,0.246,0.2258,0.204,0.233733333333,0.201666666667,0.186866666667,0.132733333333,0.299933333333,0.212066666667,0.2784,0.176,0.384133333333,0.174866666667,0.203533333333,0.249133333333,0.252066666667,0.419,0.36,0.3238,0.415866666667,0.287133333333,0.373133333333,0.3042,0.247933333333,0.0999333333333,0.172933333333,0.203733333333,0.2052,0.362466666667,0.275866666667,0.1802,0.418533333333,0.459,0.321066666667,0.187333333333,0.33,0.199866666667,0.232733333333,0.367666666667,0.285333333333,0.466533333333,0.249266666667,0.2138,0.382466666667,0.2476,0.155066666667,0.1586,0.245866666667,0.2734,0.2052,0.3414,0.208666666667,0.380133333333,0.297666666667,0.369266666667,0.259933333333,0.2782,0.2066,0.465933333333,0.272733333333,0.2312,0.183466666667,0.255933333333,0.421466666667,0.374,0.1864,0.2392,0.228133333333,0.259933333333,0.199333333333,0.233866666667,0.249733333333,0.3004,0.3696,0.418466666667,0.316733333333,0.255066666667,0.2822,0.330266666667,0.327666666667,0.366733333333,0.321466666667,0.283333333333,0.113733333333,0.248266666667,0.2494,0.2368,0.2998,0.256,0.197066666667,0.465133333333,0.364333333333,0.368733333333,0.3432,0.3696,0.256066666667,0.322466666667,0.1754,0.324,0.324,0.201466666667,0.298666666667,0.230733333333,0.362733333333,0.233066666667,0.319266666667,0.2844,0.201666666667,0.281733333333,0.277933333333,0.173,0.203933333333,0.299666666667,0.2512,0.273066666667,0.251333333333,0.3264,0.1896,0.155533333333,0.0579333333333,0.3254,0.198666666667,0.197066666667,0.394466666667,0.3286,0.250066666667,0.4204,0.2554,0.162133333333,0.255,0.114866666667,0.127266666667,0.247333333333,0.238,0.230933333333,0.291266666667,0.245866666667,0.19,0.375133333333,0.276666666667,0.325,0.174933333333,0.349066666667,0.371333333333,0.268333333333,0.275333333333,0.208,0.161333333333,0.271866666667,0.275333333333,0.249733333333,0.270666666667,0.0868666666667,0.1746,0.1898,0.056,0.3254,0.342933333333,0.232133333333,0.369666666667,0.2302,0.248466666667,0.3216,0.2836,0.276866666667,0.319933333333,0.250333333333,0.3024,0.462733333333,0.237733333333,0.158666666667,0.144133333333,0.4146,0.283066666667,0.253,0.1872,0.292266666667,0.159666666667,0.301866666667,0.0866666666667,0.233733333333,0.1296,0.0998666666667,0.316266666667,0.366066666667,0.0858666666667,0.200933333333,0.277866666667,0.3786,0.229066666667,0.244666666667,0.2348,0.282066666667,0.241533333333,0.1268,0.323,0.327866666667,0.189333333333,0.276866666667,0.2026,0.250466666667,0.1158,0.276733333333,0.2968,0.126333333333,0.2936,0.412933333333,0.3206,0.209,0.2054,0.375466666667,0.164333333333,0.200333333333,0.156466666667,0.2712,0.325733333333,0.114333333333,0.380066666667,0.370533333333,0.1576,0.1992,0.341066666667,0.206066666667,0.327133333333,0.318066666667,0.145444444444,,
2,0.283133333333,0.417066666667,0.232666666667,0.253533333333,0.565533333333,0.284466666667,0.201733333333,0.3448,0.281466666667,0.341466666667,0.247866666667,0.272466666667,0.370533333333,0.170733333333,0.368733333333,0.370466666667,0.326333333333,0.1612,0.272933333333,0.1606,0.3188,0.297733333333,0.2504,0.3756,0.202533333333,0.187733333333,0.258,0.2784,0.0851333333333,0.3762,0.464933333333,0.3182,0.2556,0.117,0.200733333333,0.374733333333,0.3384,0.331733333333,0.3776,0.421066666667,0.3782,0.2274,0.0872,0.372866666667,0.305933333333,0.4126,0.428933333333,0.229266666667,0.209266666667,0.298266666667,0.269733333333,0.285933333333,0.317733333333,0.329333333333,0.275866666667,0.2064,0.300266666667,0.206666666667,0.0575333333333,0.3246,0.3178,0.3872,0.244266666667,0.2312,0.3716,0.1294,0.1576,0.225266666667,0.280933333333,0.233266666667,0.2272,0.257133333333,0.203733333333,0.291733333333,0.1554,0.3028,0.1998,0.173,0.0862,0.157133333333,0.421133333333,0.298666666667,0.3726,0.1174,0.320533333333,0.217066666667,0.314933333333,0.186733333333,0.115666666667,0.3636,0.207733333333,0.325666666667,0.245,0.4674,0.198133333333,0.233,0.205533333333,0.223533333333,0.2024,0.3274,0.279,0.158533333333,0.376066666667,0.414133333333,0.242666666667,0.128866666667,0.325133333333,0.232733333333,0.328933333333,0.377466666667,0.418866666667,0.2998,0.367466666667,0.2872,0.171466666667,0.310933333333,0.328066666667,0.159666666667,0.273533333333,0.234666666667,0.367733333333,0.325333333333,0.3682,0.328733333333,0.318933333333,0.437533333333,0.250533333333,0.185,0.249666666667,0.306066666667,0.349866666667,0.3736,0.171266666667,0.402466666667,0.301066666667,0.1912,0.145733333333,0.329733333333,0.2062,0.274066666667,0.221266666667,0.165666666667,0.320133333333,0.242133333333,0.469666666667,0.185133333333,0.1716,0.28,0.2538,0.322866666667,0.229333333333,0.142333333333,0.270733333333,0.365,0.213133333333,0.203533333333,0.321333333333,0.393066666667,0.0997333333333,0.322666666667,0.273933333333,0.3658,0.3934,0.255533333333,0.367866666667,0.297733333333,0.234333333333,0.317866666667,0.279266666667,0.3218,0.346466666667,0.271733333333,0.249733333333,0.366133333333,0.328533333333,0.358466666667,0.1334,0.281733333333,0.279466666667,0.203466666667,0.284266666667,0.106866666667,0.229533333333,0.357533333333,0.373133333333,0.0814,0.14,0.1352,0.335133333333,0.373066666667,0.1824,0.367866666667,0.158733333333,0.3208,0.242133333333,0.275333333333,0.207933333333,0.2558,0.202466666667,0.159466666667,0.265866666667,0.132533333333,0.322933333333,0.178533333333,0.203733333333,0.425133333333,0.3604,0.370466666667,0.174,0.326266666667,0.376133333333,0.248133333333,0.232866666667,0.288866666667,0.5194,0.285333333333,,
3,0.1804,0.211666666667,0.346866666667,0.189066666667,0.143866666667,0.202066666667,0.2742,0.2964,0.275266666667,0.277866666667,0.326333333333,0.285733333333,0.3154,0.2826,0.316333333333,0.1296,0.237666666667,0.268866666667,0.207866666667,0.228066666667,0.101666666667,0.318666666667,0.258933333333,0.3206,0.237266666667,0.415133333333,0.244533333333,0.369133333333,0.249466666667,0.292533333333,0.297133333333,0.16,0.277066666667,0.170333333333,0.371066666667,0.284733333333,0.232933333333,0.186733333333,0.131,0.237333333333,0.2974,0.253333333333,0.322866666667,0.385266666667,0.187666666667,0.236933333333,0.204466666667,0.376333333333,0.202733333333,0.103866666667,0.2852,0.2054,0.244533333333,0.2214,0.365666666667,0.188533333333,0.2958,0.273133333333,0.212266666667,0.2504,0.198,0.113533333333,0.320333333333,0.2266,0.464666666667,0.231466666667,0.129666666667,0.293866666667,0.322133333333,0.277066666667,0.232533333333,0.291666666667,0.25,0.274533333333,0.278933333333,0.199466666667,0.282,0.327266666667,0.3698,0.198933333333,0.2748,0.3364,0.244533333333,0.1312,0.132466666667,0.3656,0.231333333333,0.170333333333,0.1552,0.201533333333,0.2518,0.368066666667,0.2486,0.282,0.200666666667,0.349466666667,0.463266666667,0.277466666667,0.163933333333,0.1598,0.302933333333,0.319733333333,0.253,0.183933333333,0.302933333333,0.272866666667,0.265866666667,0.415933333333,0.251866666667,0.320066666667,0.476933333333,0.317466666667,0.1602,0.471,0.246333333333,0.2296,0.425466666667,0.2766,0.204666666667,0.2438,0.301933333333,0.3926,0.3938,0.2048,0.227133333333,0.244466666667,0.2388,0.0880666666667,0.102933333333,0.2282,0.2028,0.270133333333,0.227933333333,0.277,0.4184,0.4162,0.285866666667,0.153266666667,0.1862,0.2842,0.2076,0.278733333333,0.320266666667,0.254266666667,0.327333333333,0.152066666667,0.228133333333,0.281333333333,0.130066666667,0.2852,0.231933333333,0.2502,0.426133333333,0.248066666667,0.254533333333,0.299666666667,0.146733333333,0.3262,0.238066666667,0.278466666667,0.331133333333,0.396,0.300533333333,0.274733333333,0.4414,0.298066666667,0.324866666667,0.3874,0.4666,0.366733333333,0.250733333333,0.4268,0.0881333333333,0.376133333333,0.315733333333,0.214666666667,0.156,0.234066666667,0.274866666667,0.230666666667,0.2008,0.160933333333,0.303866666667,0.233933333333,0.214733333333,0.249333333333,0.2844,0.249533333333,0.132133333333,0.322333333333,0.380533333333,0.414933333333,0.251333333333,0.516133333333,0.2806,0.277933333333,0.188933333333,0.279933333333,0.281866666667,0.272733333333,0.419466666667,0.363666666667,0.3348,0.256866666667,0.284933333333,0.2766,0.1746,0.205533333333,0.293333333333,0.143533333333,0.2288,0.237133333333,0.1294,0.248266666667,0.157,0.369533333333,0.3292,0.3256,0.1004,0.318866666667,0.422733333333,0.269733333333,0.160266666667,0.2018,0.3036,0.373333333333,0.364333333333,0.3888,0.236266666667,0.2132,0.232466666667,0.335066666667,0.179733333333,0.3632,0.252066666667,0.323466666667,0.414666666667,0.288444444444,,
4,0.19775,0.1595,0.260916666667,0.162166666667,0.265166666667,0.375,0.369916666667,0.15425,0.324916666667,0.498583333333,0.216833333333,0.199916666667,0.429416666667,0.314666666667,0.283416666667,0.305833333333,0.318083333333,0.339916666667,0.25775,0.165,0.12825,0.306166666667,0.212083333333,0.128333333333,0.255583333333,0.319,0.280333333333,0.312333333333,0.309666666667,0.167583333333,0.3785,0.31825,0.42725,0.308583333333,0.166083333333,0.425416666667,0.198916666667,0.106,0.338,0.2845,0.0700833333333,0.226,0.0883333333333,0.257916666667,0.223083333333,0.223666666667,0.163083333333,0.416333333333,0.32325,0.308083333333,0.259833333333,0.218916666667,0.16625,0.107,0.278833333333,0.2625,0.333666666667,0.201916666667,0.2225,0.378583333333,0.178666666667,0.271416666667,0.312416666667,0.245083333333,0.16625,0.37,0.194833333333,0.161416666667,0.376333333333,0.2735,0.2215,0.3685,0.224333333333,0.161916666667,0.3755,0.488833333333,0.368583333333,0.364666666667,0.310083333333,0.363666666667,0.311416666667,0.1965,0.263916666667,0.127916666667,0.335916666667,0.2785,0.195416666667,0.434833333333,0.282083333333,0.374083333333,0.1035,0.270083333333,0.430666666667,0.213583333333,0.216416666667,0.1615,0.487083333333,0.3355,0.25575,0.137,0.1985,0.204,0.302916666667,0.313333333333,0.489416666667,0.494583333333,0.367416666667,0.26325,0.263333333333,0.16475,0.16075,0.421416666667,0.257083333333,0.22025,0.109333333333,0.280416666667,0.31075,0.42325,0.09025,0.426833333333,0.2,0.347833333333,0.25475,0.372583333333,0.308833333333,0.433833333333,0.3105,0.31925,0.20625,0.2715,0.165166666667,0.36725,0.256,0.123583333333,0.42275,0.21225,0.3095,0.308416666667,0.143666666667,0.164333333333,0.307583333333,0.162333333333,0.163416666667,0.21975,0.49125,0.25675,0.246833333333,0.160833333333,0.105333333333,0.0700833333333,0.30725,0.194666666667,0.27875,0.2015,0.31075,0.369333333333,0.252583333333,0.249583333333,0.257166666667,0.366666666667,0.218166666667,0.384583333333,0.19925,0.277083333333,0.195666666667,0.112333333333,0.380083333333,0.311166666667,0.315583333333,0.37025,0.300166666667,0.219333333333,0.2145,0.166416666667,0.280666666667,0.311666666667,0.379083333333,0.199,0.249416666667,0.25675,0.398916666667,0.10825,0.25375,0.313666666667,0.2535,0.24925,0.27825,0.275,0.247166666667,,
5,0.360333333333,0.360333333333,0.1465,0.267833333333,0.254833333333,0.380333333333,0.0765,0.365166666667,0.0711666666667,0.252166666667,0.144166666667,0.250166666667,0.3655,0.494833333333,0.0685,0.252833333333,0.357333333333,0.1395,0.2565,0.0,0.239,0.142666666667,0.478833333333,0.0,0.256833333333,0.2495,0.359333333333,0.0705,0.186,0.0728333333333,0.368333333333,0.0,0.072,0.180166666667,0.240666666667,0.172,0.1835,0.0681666666667,0.356333333333,0.25,0.07,0.249833333333,0.242,0.358666666667,0.473833333333,0.252666666667,0.491333333333,0.497833333333,0.4975,0.298833333333,0.255666666667,0.2625,0.31,0.136333333333,0.146333333333,0.145833333333,0.496333333333,0.250166666667,0.0706666666667,0.314833333333,0.149666666667,0.248833333333,0.253,0.623333333333,0.3755,0.492833333333,0.250333333333,0.151666666667,0.250833333333,0.497666666667,0.146833333333,0.617166666667,0.356166666667,0.3695,0.245333333333,0.0716666666667,0.482333333333,0.177,0.0716666666667,0.3815,0.254333333333,0.268166666667,0.1785,0.0,0.151166666667,0.0711666666667,0.1565,0.486333333333,0.1465,0.263166666667,0.303333333333,0.482,0.302666666667,0.07,0.140333333333,0.0,0.499833333333,0.3685,0.148833333333,0.139,0.143833333333,0.376333333333,0.4815,0.376833333333,0.490166666667,0.362333333333,0.382166666667,0.4835,0.244166666667,0.256333333333,0.186666666667,0.384333333333,0.1835,0.487666666667,0.139166666667,0.6245,0.175166666667,0.359166666667,0.143,0.492666666667,0.144833333333,0.255333333333,0.173166666667,0.2535,0.261833333333,0.258666666667,0.247666666667,0.38,0.0671666666667,0.246833333333,0.152333333333,0.179,0.178666666667,0.0731666666667,0.0741666666667,0.177833333333,0.1445,0.3665,0.255333333333,0.254333333333,0.140833333333,0.3685,0.4915,0.368333333333,0.366666666667,0.253833333333,0.255166666667,0.175166666667,0.182333333333,0.251666666667,0.252,0.256333333333,0.142333333333,0.146,0.187,0.145,0.354166666667,0.491666666667,0.249833333333,0.140833333333,0.487,0.181833333333,,
6,0.351333333333,0.375,0.145666666667,0.151333333333,0.620666666667,0.367,0.146,0.364333333333,0.146,0.149,0.151666666667,0.35,0.617666666667,0.612333333333,0.609666666667,0.0,0.15,0.363333333333,0.353,0.140666666667,0.0,0.130666666667,0.361333333333,0.615333333333,0.148666666667,0.0,0.144333333333,0.371,0.601,0.371666666667,0.139333333333,0.366333333333,0.353666666667,0.369,0.148666666667,0.366333333333,0.145666666667,0.366333333333,0.153333333333,0.622333333333,0.144,0.140666666667,0.367,0.371666666667,0.147,0.604333333333,0.134333333333,0.145,0.371333333333,0.374333333333,0.359666666667,0.136666666667,0.151333333333,0.624,0.139,0.153,0.614333333333,0.0,0.141666666667,0.0,0.0,0.146333333333,0.142333333333,0.0,0.373333333333,0.364333333333,0.354333333333,0.364,0.379,0.144666666667,0.144,0.356,0.366666666667,0.146,0.350666666667,0.0,0.358666666667,0.613,0.0,0.353666666667,0.609333333333,0.0,0.154333333333,0.0,0.610333333333,0.143,0.145333333333,0.360666666667,0.0,0.354,0.367666666667,0.364666666667,0.150333333333,0.364333333333,0.136,0.371,0.370333333333,0.362,0.614666666667,0.148333333333,0.157,0.377333333333,0.0,0.0,0.381,0.139666666667,0.139333333333,0.135,0.148666666667,0.0,0.131,0.359,0.625,0.611333333333,0.0,0.611333333333,0.152,0.136666666667,0.361333333333,0.353,0.138,0.355333333333,0.356666666667,0.345,0.377,0.133333333333,0.139666666667,0.132333333333,0.608333333333,0.367333333333,0.145666666667,0.0,0.146333333333,0.144333333333,0.0,0.132,0.356,0.357666666667,0.366666666667,0.350333333333,0.375666666667,0.0,0.0,0.14,,
7,,
8,,
9,,


